UniprotID,GeneName,Schirmer_2003,Korfali_2010,Wilkie_2010,Korfali_2012,Korfali_2012_NE:MM-ratio,Cheng_2019,Cheng_2019_Score:Undiff,Cheng_2019_Score:Adipo,Cheng_2019_Score:Myo,#ProteomePapers
Q92604,LPGAT1,1,1,1,1,0.17,0,0.0,0.0,0.0,4
Q9Y3T9,NOC2L,1,1,1,0,0.0,0,0.0,0.0,0.0,3
Q8NBX0,SCCPDH,1,1,1,1,0.16,0,0.0,0.0,0.0,4
A0A384NPM7,SCCPDH,1,0,0,0,0.0,0,0.0,0.0,0.0,1
Q5VTL8,PRPF38B,1,1,0,0,0.0,0,0.0,0.0,0.0,2
Q9BTX1,NDC1,1,1,1,1,inf,1,0.6741219781349772,0.7408157810700401,0.8967187880184209,5
Q8NFQ8,TOR1AIP2,1,1,0,1,0.09,0,0.0,0.0,0.0,3
Q9NXE4,SMPD4,1,1,1,1,105.61,1,0.93269966220108,0.8952355166637649,0.9834446545575042,5
A0AV96,RBM47,1,1,0,0,0.0,0,0.0,0.0,0.0,2
Q7LBC6,KDM3B,1,1,0,0,0.0,0,0.0,0.0,0.0,2
Q9NUU6,OTULINL,1,1,0,1,inf,0,0.0,0.0,0.0,3
Q96SK2,TMEM209,1,1,1,1,inf,1,0.9038618187661478,0.8793833578745339,0.9005772833118943,5
Q8NBV4,PLPP7,1,0,1,1,4.42,0,0.0,0.0,0.0,3
Q8N9R8,SCAI,1,0,1,0,0.0,0,0.0,0.0,0.0,2
Q3LXA3,TKFC,1,1,0,1,0.34,0,0.0,0.0,0.0,3
Q8N4F4,SLC22A24,1,0,0,1,inf,0,0.0,0.0,0.0,2
Q9NVM9,INTS13,1,0,0,0,0.0,0,0.0,0.0,0.0,1
Q9UKR5,ERG28,1,1,0,1,2.73,0,0.0,0.0,0.0,3
Q6FII3,C14orf1,1,0,0,0,0.0,0,0.0,0.0,0.0,1
O95476,CTDNEP1,1,1,1,1,0.35,0,0.0,0.0,0.0,4
Q96P16,RPRD1A,1,0,0,0,0.0,0,0.0,0.0,0.0,1
Q9NQG5,RPRD1B,1,1,0,0,0.0,0,0.0,0.0,0.0,2
Q9H0A0,Nat10,1,1,1,0,0.0,0,0.0,0.0,0.0,3
O75340,Alg2,1,1,0,1,0.66,1,0.4323812093143777,0.4942484771956809,0.7102093649213709,4
Q6P2H8,Tmem53,1,0,0,1,2.57,0,0.0,0.0,0.0,2
Q5SY16,Nol9,1,1,1,0,0.0,0,0.0,0.0,0.0,3
Q9BVI4,Noc4l,1,1,1,0,0.0,1,0.4142648859503712,0.6455198063955211,0.3630244418664892,4
O75425,Mospd3,1,0,1,1,1.21,0,0.0,0.0,0.0,3
Q9H936,Slc25a22,1,0,0,1,5.63,0,0.0,0.0,0.0,2
O94905,Erlin2,1,1,1,1,4.96,0,0.0,0.0,0.0,4
P49756,Rbm25,1,1,1,0,0.0,0,0.0,0.0,0.0,3
Q6ZMZ3,Syne3,1,1,1,1,inf,1,0.979371197526764,0.8946666026137249,1.0,5
Q9P0S9,Tmem14c,1,1,1,1,16.62,1,0.4725095779601957,0.5579727967924337,0.6622634977759655,5
Q6ZMJ2,Scara5,1,0,0,1,0.1,1,0.56555049162287,0.3303847654672944,0.2219797556943279,3
Q8N163,Ccar2,1,1,0,1,inf,0,0.0,0.0,0.0,3
Q6NW34,Nepro,1,0,0,0,0.0,0,0.0,0.0,0.0,1
Q969X5,Ergic1,1,1,1,1,2.25,0,0.0,0.0,0.0,4
Q8NC56,Lemd2,1,1,1,1,98.51,1,0.8546747378355506,0.668287009515802,0.9809776110493696,5
Q5GFL6,Vwa2,1,0,0,0,0.0,0,0.0,0.0,0.0,1
Q9UH99,SUN2,0,1,1,1,74.71,1,0.917980252722086,0.8562839971567991,0.9792842699948928,4
P42166,TMPO,0,1,0,1,531.21,1,0.7855267330020482,0.5221378744123918,0.5251148740095454,3
Q14739,LBR,0,1,1,1,inf,1,0.6430857171191001,0.8872235216356129,0.8392866309492312,4
Q8TEM1,NUP210,0,1,1,1,inf,0,0.0,0.0,0.0,3
Q9BTV4,TMEM43,0,1,1,1,6.55,1,0.7388337388857177,0.6607883319021107,0.5348738226498856,4
Q5JTV8,TOR1AIP1,0,1,1,1,1613.57,1,0.8725088145693706,0.6168108952660513,0.7984363769711873,4
P50402,EMD,0,1,1,1,20.24,1,0.603330246805736,0.6989947022433876,0.629420530754914,4
Q8IXM6,NRM,0,1,1,1,inf,0,0.0,0.0,0.0,3
Q8WXH0,SYNE2,0,1,1,1,inf,1,0.990823560457748,0.8932111382367451,1.0,4
Q8NF91,SYNE1,0,1,1,1,inf,1,0.971846654884756,0.925595188387316,0.9796251657068464,4
Q9Y2U8,LEMD3,0,1,1,1,inf,1,0.9613635604257867,0.9438324625566684,1.0,4
O94901,SUN1,0,1,1,1,inf,1,0.9655767250399336,0.8338007952960839,0.976783034986516,4
A8CG34,POM121C,0,1,1,1,inf,0,0.0,0.0,0.0,3
Q86WV6,STING1,0,1,0,1,inf,0,0.0,0.0,0.0,2
Q63HN8,RNF213,0,1,0,0,0.0,0,0.0,0.0,0.0,1
Q9Y394,DHRS7,0,1,0,1,inf,0,0.0,0.0,0.0,2
Q969V3,NCLN,0,1,0,1,0.23,1,0.3796378106692758,0.6465077223540397,0.7602210102649299,3
Q8N201,INTS1,0,1,1,0,0.0,1,0.2062792232876948,0.5602717089613772,0.5433926596088651,3
Q05519,SRSF11,0,1,1,0,0.0,0,0.0,0.0,0.0,2
Q5SNT2,TMEM201,0,1,1,1,inf,0,0.0,0.0,0.0,3
Q15061,WDR43,0,1,1,0,0.0,0,0.0,0.0,0.0,2
Q14146,URB2,0,1,1,0,0.0,0,0.0,0.0,0.0,2
Q9C0J8,WDR33,0,1,0,1,inf,0,0.0,0.0,0.0,2
O76062,TM7SF2,0,1,1,1,0.15,0,0.0,0.0,0.0,3
Q8IWA0,WDR75,0,1,1,0,0.0,0,0.0,0.0,0.0,2
Q8NF64,ZMIZ2,0,1,0,0,0.0,0,0.0,0.0,0.0,1
Q9HDC9,APMAP,0,1,1,1,0.67,1,0.4708940761270325,0.4331270543910491,0.7692434468638397,4
Q6PIU2,NCEH1,0,1,1,1,0.91,1,0.6258842290998311,0.4896789334299527,0.8281399627528359,4
A0FGR8,ESYT2,0,1,0,0,0.0,0,0.0,0.0,0.0,1
P46977,STT3A,0,1,1,1,0.66,1,0.3792167009187605,0.527766681484729,0.5195911073308882,4
Q9BVC6,TMEM109,0,1,1,1,11.47,0,0.0,0.0,0.0,3
Q96JJ7,TMX3,0,1,0,1,2.03,1,0.6819529193182274,0.2941351870326998,0.5735029250458699,3
Q9H8H3,METTL7A,0,1,1,1,0.43,0,0.0,0.0,0.0,3
Q9Y228,TRAF3IP3,0,1,0,0,0.0,0,0.0,0.0,0.0,1
Q07065,CKAP4,0,1,1,1,16.44,1,0.6308875938701877,0.2516456570841538,0.3705787747002727,4
Q9BY50,SEC11C,0,1,1,1,inf,0,0.0,0.0,0.0,3
Q96F15,GIMAP5,0,1,1,0,0.0,0,0.0,0.0,0.0,2
Q9BQA9,CYBC1,0,1,1,1,12.05,1,0.5478585157992754,0.7202189423964955,0.2198278769777092,4
Q9H1E5,TMX4,0,1,1,1,17.4,1,0.93235163174753,0.7924996994952159,0.8441749148981452,4
Q8N6S5,ARL6IP6,0,1,1,1,inf,1,1.0,0.8630720202221337,1.0,4
Q9H330,TMEM245,0,1,1,1,inf,0,0.0,0.0,0.0,3
P48651,PTDSS1,0,1,1,0,0.0,0,0.0,0.0,0.0,2
Q96D96,HVCN1,0,1,0,1,inf,0,0.0,0.0,0.0,2
Q9C0E8,LNPK,0,1,0,0,0.0,0,0.0,0.0,0.0,1
Q9HBL7,PLGRKT,0,1,0,1,inf,0,0.0,0.0,0.0,2
Q8NF37,LPCAT1,0,1,0,0,0.0,1,0.6557615950380632,0.4290197549268392,0.6489372405087788,2
Q6P1A2,LPCAT3,0,1,1,1,13.11,1,0.1658122467248712,0.0506532237025866,1.0,4
Q8TEB9,RHBDD1,0,1,1,1,inf,1,0.6094457885513458,0.4713595772289219,0.8172349815775689,4
Q8N4L2,PIP4P2,0,1,0,0,0.0,0,0.0,0.0,0.0,1
Q92520,FAM3C,0,1,0,1,0.22,0,0.0,0.0,0.0,2
Q8TDW0,LRRC8C,0,1,0,0,0.0,0,0.0,0.0,0.0,1
Q8N511,TMEM199,0,1,0,1,inf,0,0.0,0.0,0.0,2
Q9BX59,TAPBPL,0,1,0,1,1.62,0,0.0,0.0,0.0,2
Q9GZT6,CCDC90B,0,1,0,0,0.0,0,0.0,0.0,0.0,1
Q6NXT6,TAPT1,0,1,0,0,0.0,0,0.0,0.0,0.0,1
Q9H0U3,MAGT1,0,1,0,1,3.67,0,0.0,0.0,0.0,2
Q12912,IRAG2,0,1,0,0,0.0,0,0.0,0.0,0.0,1
Q7L5N7,LPCAT2,0,1,0,1,inf,0,0.0,0.0,0.0,2
Q96BY9,SARAF,0,1,1,1,inf,1,0.7525433801289568,0.2065158400617293,0.4317111320034774,4
P43308,SSR2,0,1,0,0,0.0,0,0.0,0.0,0.0,1
Q8N755,SLC66A3,0,1,0,0,0.0,0,0.0,0.0,0.0,1
Q04941,PLP2,0,1,0,0,0.0,0,0.0,0.0,0.0,1
Q9NX47,MARCHF5,0,1,1,1,2.55,1,0.2149564439487003,0.2750867442102389,0.5618775669767606,4
Q9C002,NMES1,0,1,0,0,0.0,0,0.0,0.0,0.0,1
Q9H0R3,TMEM222,0,1,0,0,0.0,0,0.0,0.0,0.0,1
Q96ER9,CCDC51,0,1,0,0,0.0,0,0.0,0.0,0.0,1
Q9HC07,TMEM165,0,1,0,0,0.0,1,0.2778794012343392,0.5549184624629852,0.4754127162696556,2
P11836,MS4A1,0,1,0,1,inf,0,0.0,0.0,0.0,2
Q5VWC8,HACD4,0,1,0,0,0.0,0,0.0,0.0,0.0,1
Q9H920,RNF121,0,1,1,0,0.0,0,0.0,0.0,0.0,2
Q96MH6,TMEM68,0,1,0,0,0.0,0,0.0,0.0,0.0,1
Q8N6M3,FITM2,0,1,0,0,0.0,0,0.0,0.0,0.0,1
Q96ND0,FAM210A,0,1,0,1,0.84,1,0.5020970674587154,0.3133632552443895,0.1827803697956815,3
Q6UWD8,C16orf54,0,1,0,0,0.0,0,0.0,0.0,0.0,1
Q9NWW5,CLN6,0,1,1,0,0.0,0,0.0,0.0,0.0,2
Q96A26,FAM162A,0,1,0,0,0.0,0,0.0,0.0,0.0,1
A5PLL7,TMEM189,0,1,0,0,0.0,0,0.0,0.0,0.0,1
Q8WVC6,DCAKD,0,1,0,0,0.0,0,0.0,0.0,0.0,1
Q8TB36,GDAP1,0,1,0,0,0.0,0,0.0,0.0,0.0,1
Q9BZW5,TM6SF1,0,1,0,0,0.0,0,0.0,0.0,0.0,1
O94886,TMEM63A,0,1,0,1,inf,0,0.0,0.0,0.0,2
Q8WXF7,ATL1,0,1,0,0,0.0,0,0.0,0.0,0.0,1
Q7Z7N9,TMEM179B,0,1,0,0,0.0,0,0.0,0.0,0.0,1
Q8IY95,TMEM192,0,1,0,0,0.0,0,0.0,0.0,0.0,1
Q8NC44,RETREG2,0,1,0,0,0.0,0,0.0,0.0,0.0,1
O14524,NEMP1,0,1,1,1,inf,0,0.0,0.0,0.0,3
Q9NX78,TMEM260,0,1,1,1,inf,0,0.0,0.0,0.0,3
Q86UV5,USP48,0,1,0,0,0.0,0,0.0,0.0,0.0,1
Q8IUH4,ZDHHC13,0,1,0,0,0.0,0,0.0,0.0,0.0,1
Q4KMQ2,ANO6,0,1,0,0,0.0,0,0.0,0.0,0.0,1
Q5W0Z9,ZDHHC20,0,1,0,0,0.0,0,0.0,0.0,0.0,1
Q86XL3,ANKLE2,0,1,0,0,0.0,0,0.0,0.0,0.0,1
Q9Y2W6,TDRKH,0,1,0,0,0.0,0,0.0,0.0,0.0,1
Q53EP0,FNDC3B,0,1,1,0,0.0,1,0.5213625308821106,0.591671244127422,0.6361945171948957,3
Q14667,BLTP2,0,1,0,0,0.0,0,0.0,0.0,0.0,1
Q9H4I9,SMDT1,0,1,0,0,0.0,0,0.0,0.0,0.0,1
Q9NX00,TMEM160,0,1,0,1,5.81,0,0.0,0.0,0.0,2
Q5TGZ0,MICOS10,0,1,0,0,0.0,0,0.0,0.0,0.0,1
Q9H061,TMEM126A,0,1,0,1,0.26,0,0.0,0.0,0.0,2
Q9Y2R0,COA3,0,1,0,0,0.0,0,0.0,0.0,0.0,1
Q9BUB7,TMEM70,0,1,1,1,inf,0,0.0,0.0,0.0,3
Q96HV5,TMEM41A,0,1,1,1,inf,0,0.0,0.0,0.0,3
Q9BV81,EMC6,0,1,0,0,0.0,0,0.0,0.0,0.0,1
Q9NPB0,SAYSD1,0,1,0,0,0.0,0,0.0,0.0,0.0,1
Q8WUY8,NAT14,0,1,0,0,0.0,0,0.0,0.0,0.0,1
Q86V85,GPR180,0,1,0,0,0.0,0,0.0,0.0,0.0,1
Q8N386,LRRC25,0,1,0,0,0.0,0,0.0,0.0,0.0,1
Q5TGY1,TMCO4,0,1,0,0,0.0,0,0.0,0.0,0.0,1
Q9NX61,TMEM161A,0,1,1,1,inf,0,0.0,0.0,0.0,3
Q96AA3,RFT1,0,1,0,0,0.0,0,0.0,0.0,0.0,1
Q6NSJ0,MYORG,0,0,1,1,0.61,0,0.0,0.0,0.0,2
Q8TED0,UTP15,0,0,1,0,0.0,0,0.0,0.0,0.0,1
O60287,URB1,0,0,1,0,0.0,0,0.0,0.0,0.0,1
Q9H6F2,TMEM38A,0,0,1,1,2.09,0,0.0,0.0,0.0,2
O76024,WFS1,0,0,1,1,3.41,0,0.0,0.0,0.0,2
Q9H511,KLHL31,0,0,1,1,inf,0,0.0,0.0,0.0,2
Q3ZAQ7,VMA21,0,0,1,1,2.11,0,0.0,0.0,0.0,2
Q6NUQ4,TMEM214,0,0,1,1,0.58,1,0.3705038268588975,0.6486882448767612,0.2825690503649857,3
Q9HBU9,POPDC2,0,0,1,1,0.92,0,0.0,0.0,0.0,2
Q8N0U8,VKORC1L1,0,0,1,0,0.0,0,0.0,0.0,0.0,1
Q9Y4J8,DTNA,0,0,1,1,5.09,0,0.0,0.0,0.0,2
Q9Y320,TMX2,0,0,1,0,0.0,1,0.6963768842342852,0.2414065237907756,0.7360387042916757,2
Q86UP2,KTN1,0,0,1,1,2.75,0,0.0,0.0,0.0,2
Q96K19,RNF170,0,0,1,0,0.0,0,0.0,0.0,0.0,1
Q96LT4,SAMD8,0,0,1,1,inf,0,0.0,0.0,0.0,2
Q6PK18,OGFOD3,0,0,1,0,0.0,0,0.0,0.0,0.0,1
Q70UQ0,IKBIP,0,0,1,0,0.0,0,0.0,0.0,0.0,1
Q75T13,PGAP1,0,0,1,0,0.0,0,0.0,0.0,0.0,1
Q96IK0,TMEM101,0,0,1,0,0.0,0,0.0,0.0,0.0,1
B4DJY2,TMEM233,0,0,1,0,0.0,0,0.0,0.0,0.0,1
Q6ZXV5,TMTC3,0,0,1,1,2.16,1,0.5429744708840986,0.416859873275016,0.6407838226287972,3
Q99675,CGRRF1,0,0,1,1,inf,0,0.0,0.0,0.0,2
Q96S06,LMF1,0,0,1,0,0.0,0,0.0,0.0,0.0,1
Q5I7T1,ALG10B,0,0,1,1,inf,0,0.0,0.0,0.0,2
Q16821,PPP1R3A,0,0,1,0,0.0,0,0.0,0.0,0.0,1
Q8N5G2,MACO1,0,0,1,1,inf,0,0.0,0.0,0.0,2
Q6ZV29,PNPLA7,0,0,1,0,0.0,0,0.0,0.0,0.0,1
Q0P6H9,TMEM62,0,0,1,0,0.0,0,0.0,0.0,0.0,1
Q8IZF2,ADGRF5,0,0,1,0,0.0,0,0.0,0.0,0.0,1
A6NMS7,LRRC37A,0,0,1,1,1.41,0,0.0,0.0,0.0,2
Q7Z407,CSMD3,0,0,1,0,0.0,0,0.0,0.0,0.0,1
Q9BXJ8,TMEM120A,0,0,0,1,inf,0,0.0,0.0,0.0,1
Q96NL1,TMEM74,0,0,0,1,3.36,0,0.0,0.0,0.0,1
P00533,EGFR,0,0,0,1,0.14,0,0.0,0.0,0.0,1
Q15043,SLC39A14,0,0,0,1,0.15,0,0.0,0.0,0.0,1
Q8WW43,APH1B,0,0,0,1,inf,0,0.0,0.0,0.0,1
Q8IVS2,MCAT,0,0,0,1,inf,0,0.0,0.0,0.0,1
Q9UN42,ATP1B4,0,0,0,1,inf,0,0.0,0.0,0.0,1
Q9Y2G8,DNAJC16,0,0,0,1,1.16,0,0.0,0.0,0.0,1
P05026,ATP1B1,0,0,0,1,0.02,0,0.0,0.0,0.0,1
P21817,RYR1,0,0,0,1,0.03,0,0.0,0.0,0.0,1
Q9HBR0,SLC38A10,0,0,0,1,1.31,0,0.0,0.0,0.0,1
Q6P4Q7,CNNM4,0,0,0,1,0.08,0,0.0,0.0,0.0,1
Q8IWT6,LRRC8A,0,0,0,1,0.86,0,0.0,0.0,0.0,1
P08183,ABCB1,0,0,0,1,inf,0,0.0,0.0,0.0,1
P19634,SLC9A1,0,0,0,1,0.06,1,0.516807202143892,0.1876476048539519,0.0722692698256257,2
Q14571,ITPR2,0,0,0,1,1.49,1,0.4003512447604254,0.4057777573385781,0.5682873508709584,2
Q9BSJ8,ESYT1,0,0,0,1,2.02,0,0.0,0.0,0.0,1
Q96A57,TMEM230,0,0,0,1,0.77,1,0.4171008722051511,0.1661308763030714,0.612214493099812,2
Q13501,SQSTM1,0,0,0,1,inf,0,0.0,0.0,0.0,1
Q9BVT8,TMUB1,0,0,0,1,0.24,0,0.0,0.0,0.0,1
Q96HD1,CRELD1,0,0,0,1,2.89,0,0.0,0.0,0.0,1
Q9NRP0,OSTC,0,0,0,1,2.12,1,0.4295375812214581,0.5007298723358352,0.3172598625513573,2
O96005,CLPTM1,0,0,0,1,1.23,0,0.0,0.0,0.0,1
Q8N5K1,CISD2,0,0,0,1,1.14,0,0.0,0.0,0.0,1
Q96PC5,MIA2,0,0,0,1,0.02,0,0.0,0.0,0.0,1
Q8WUY1,THEM6,0,0,0,1,0.65,0,0.0,0.0,0.0,1
Q7Z2K6,ERMP1,0,0,0,1,0.45,1,0.7097408498066597,0.4389990262405607,0.6379530657433937,2
Q7Z3C6,ATG9A,0,0,0,1,0.55,0,0.0,0.0,0.0,1
Q6DD88,ATL3,0,0,0,1,0.36,1,0.3597822129142107,0.2440651637920776,0.5446527076160699,2
O15258,Rer1,0,0,0,0,0.0,1,0.8126131083631404,0.2735167005651949,0.2037417278031249,1
O75907,Dgat1,0,0,0,0,0.0,1,0.7834530868292208,0.4051196215703244,0.2592424823744556,1
P60468,Sec61b,0,0,0,0,0.0,1,0.7726604388241319,0.2690556494032065,0.4590774381088969,1
Q9UHP7,Clec2d,0,0,0,0,0.0,1,0.7579206082073568,0.0,0.0,1
O75477,Erlin1,0,0,0,0,0.0,1,0.7131321108294382,0.2887253199698397,0.3005120653322191,1
Q15758,Slc1a5,0,0,0,0,0.0,1,0.7085357189614129,0.3546900443003867,0.0991286916330711,1
O43169,Cyb5b,0,0,0,0,0.0,1,0.6982212704397837,0.2238608448840432,0.3041721311205309,1
Q8TC12,Rdh11,0,0,0,0,0.0,1,0.6729050751279957,0.3348919221045324,0.356222333811772,1
P03928,Mtatp8,0,0,0,0,0.0,1,0.6698218399825504,0.2504637309127103,0.1663021672960478,1
O75923,Dysf,0,0,0,0,0.0,1,0.6530978224382631,0.354116755450378,0.3549500166687973,1
Q9P2W9,Stx18,0,0,0,0,0.0,1,0.6198220748630207,0.1122162157962027,0.1194428256207431,1
P16070,Cd44,0,0,0,0,0.0,1,0.6160611083830071,0.2387969374820335,0.1227232631733059,1
Q92508,Piezo1,0,0,0,0,0.0,1,0.593589478333848,0.0354629830540698,0.317304630093731,1
P08195,Slc3a2,0,0,0,0,0.0,1,0.5860006322178793,0.2746342464007337,0.1942072033384408,1
Q9Y639,Nptn,0,0,0,0,0.0,1,0.5794537705639259,0.3456627614108881,0.2232725174852615,1
Q16585,Sgcb,0,0,0,0,0.0,1,0.5686995428771622,0.2642544442230369,0.2489743163613252,1
Q9P0J0,Ndufa13,0,0,0,0,0.0,1,0.5621744126685154,0.2768545661635145,0.237504694384888,1
Q10589,Bst2,0,0,0,0,0.0,1,0.5588091045224375,0.3145106806988397,0.0840107720725524,1
P33121,Acsl1,0,0,0,0,0.0,1,0.5507518952065035,0.2793049801645628,0.2122743383585621,1
O95168,Ndufb4,0,0,0,0,0.0,1,0.5496074596664461,0.3951927085239086,0.2133588725086714,1
P19022,Cdh2,0,0,0,0,0.0,1,0.5219750312083457,0.1497314149759294,0.2086249491536762,1
Q6PCB8,Emb,0,0,0,0,0.0,1,0.5188962709193917,0.2499598161215934,0.0,1
Q9P2E9,Rrbp1,0,0,0,0,0.0,1,0.5176827504813576,0.1986022831477038,0.2016160078118499,1
Q9Y3A6,Tmed5,0,0,0,0,0.0,1,0.8694394969741238,0.2817715634322179,0.5936740511903658,1
Q969P0,Igsf8,0,0,0,0,0.0,1,0.7493394297791313,0.1133405293832957,0.4311210806871641,1
Q96AG4,Lrrc59,0,0,0,0,0.0,1,0.6969900657322662,0.2517806028976346,0.4027360049365144,1
Q99943,Agpat1,0,0,0,0,0.0,1,0.6854063005942034,0.224528246355286,0.5554818513737908,1
Q92629,Sgcd,0,0,0,0,0.0,1,0.6842064431940538,0.1629649756616851,0.3684130252092925,1
P02786,Tfrc,0,0,0,0,0.0,1,0.6650129289394725,0.126220223437779,0.577863783892003,1
O43674,Ndufb5,0,0,0,0,0.0,1,0.6410748624214542,0.1852677198427037,0.3857980537219024,1
P51571,Ssr4,0,0,0,0,0.0,1,0.6323842007023952,0.250498137218083,0.3467527612539567,1
P00167,Cyb5a,0,0,0,0,0.0,1,0.6318748464273817,0.2470417743157388,0.345082932548329,1
P35613,Bsg,0,0,0,0,0.0,1,0.584230037500897,0.2339412072705254,0.3940114716859668,1
Q9NZ01,Tecr,0,0,0,0,0.0,1,0.5892286939916089,0.292891776177268,0.4501367386754126,1
Q6PCB7,Slc27a1,0,0,0,0,0.0,1,0.5473705898390836,0.2863247501191354,0.5135594446101517,1
Q9UJS0,Slc25a13,0,0,0,0,0.0,1,0.5347205835502993,0.1514933453563002,0.6345836348199183,1
Q96TA2,Yme1l1,0,0,0,0,0.0,1,0.5147818322014107,0.1165966588191996,0.6377393796969746,1
O00264,Pgrmc1,0,0,0,0,0.0,1,0.5169741532461127,0.3646677080383901,0.3883708616261579,1
Q8N2F6,Armc10,0,0,0,0,0.0,1,0.5498978919824201,0.2431489182202526,0.2773243949938865,1
Q9NZM1,Myof,0,0,0,0,0.0,1,0.518054611743163,0.376706629624983,0.2947026429620196,1
P78324,Sirpa,0,0,0,0,0.0,1,0.503467178127473,0.0,0.1122517989730145,1
Q13445,Tmed1,0,0,0,0,0.0,1,0.6251016473198835,0.504760530153991,0.1995590426794143,1
Q8WWQ0,Wdr11,0,0,0,0,0.0,1,0.1252773056950573,0.6527778390302096,0.5146671833989175,1
Q9HAW7,Ugt1a7,0,0,0,0,0.0,1,0.5474553366891083,0.5442531210262214,0.2950597727266171,1
Q92504,Slc39a7,0,0,0,0,0.0,1,0.1414229946970238,0.6790887787816008,0.4315604474528847,1
O60476,Man1a2,0,0,0,0,0.0,1,0.0352394000818893,0.5623738696090519,0.3556401741748875,1
Q96K37,Slc35e1,0,0,0,0,0.0,1,0.4906277294265825,0.5404188454333777,0.169297608736486,1
O60704,Tpst2,0,0,0,0,0.0,1,0.2941244209199236,0.6768569769704201,0.1293491554883279,1
Q9BU23,Lmf2,0,0,0,0,0.0,1,0.2321753228990054,0.6316175965694837,0.098456934080346,1
P17342,Npr3,0,0,0,0,0.0,1,0.1876382790905035,0.570763285305782,0.0,1
Q9HD45,Tm9sf3,0,0,0,0,0.0,1,0.1359016347382781,0.5426445365390895,0.2663152921861108,1
Q8N2U0,Tmem256,0,0,0,0,0.0,1,0.0,0.5863034971458942,0.0,1
Q68CQ7,Glt8d1,0,0,0,0,0.0,1,0.0,0.5450724522119771,0.0,1
O14817,Tspan4,0,0,0,0,0.0,1,0.0,0.6088881774941896,0.0,1
Q9UPQ8,Dolk,0,0,0,0,0.0,1,0.0,0.576442985155056,0.0,1
Q8WUH6,Tmem263,0,0,0,0,0.0,1,0.0,0.6072236075505432,0.1915359291063102,1
P61803,Dad1,0,0,0,0,0.0,1,0.5736830116665687,0.6375802452171276,0.0524136230371128,1
Q9BW72,Higd2a,0,0,0,0,0.0,1,0.4326704883354517,0.7301586199196493,0.1175658567841923,1
O95070,Yif1a,0,0,0,0,0.0,1,0.4013439043640474,0.6358911224207056,0.1296899099752769,1
Q8NEW0,Slc30a7,0,0,0,0,0.0,1,0.3536272997183898,0.5875293823088845,0.1009679368664393,1
O00519,Faah,0,0,0,0,0.0,1,0.3533635673416508,0.7664408092498254,0.2415137550706581,1
Q9Y679,Aup1,0,0,0,0,0.0,1,0.3168010477267005,0.514482145868848,0.0,1
Q06481,Aplp2,0,0,0,0,0.0,1,0.2034492768422003,0.5448838081658384,0.1401846768902442,1
Q9NQ34,Tmem9b,0,0,0,0,0.0,1,0.1669760593663034,0.5517966909604534,0.0,1
Q14108,Scarb2,0,0,0,0,0.0,1,0.1526393124323632,0.5009459270903575,0.025800159176633,1
P23470,Ptprg,0,0,0,0,0.0,1,0.0356006333658729,0.5711538183811056,0.0,1
Q8N9M1,C19orf47,0,0,0,0,0.0,1,0.187177954704946,0.5731584135373231,0.6000255905859431,1
Q9HAS0,C17orf75,0,0,0,0,0.0,1,0.1049287921085713,0.6154451496020118,0.4129802326635315,1
Q9BRJ6,C7orf50,0,0,0,0,0.0,1,0.0846130962167727,0.0,0.671931550068263,1
Q9H425,C1orf198,0,0,0,0,0.0,1,0.0598448433215895,1.0,0.5726746355753372,1
Q9Y224,RTRAF,0,0,0,0,0.0,1,0.0,0.5441114850008777,0.6039697669167804,1
Q86VD7,Slc25a42,0,0,0,0,0.0,1,0.0,0.2313888019994063,0.8869313206622609,1
Q9GZM5,Yipf3,0,0,0,0,0.0,1,0.1573566933430447,0.0,0.7708223363100128,1
Q6ZRP7,Qsox2,0,0,0,0,0.0,1,0.0232304205678867,0.2420539017939175,0.6530090141278658,1
Q8WZA1,Pomgnt1,0,0,0,0,0.0,1,0.0,0.0754505302313468,0.6233205957863935,1
Q9BPX6,Micu1,0,0,0,0,0.0,1,0.0924495566372425,0.0829573441099342,0.5288161977453768,1
Q96N66,Mboat7,0,0,0,0,0.0,1,0.6042373852891462,0.3585275298837922,0.889285608359504,1
Q9ULC5,Acsl5,0,0,0,0,0.0,1,0.4082373372761373,0.2458015743704544,0.7585969643909581,1
Q8WVX9,Far1,0,0,0,0,0.0,1,0.3942572648694425,0.2942869327967315,0.6968905959921793,1
Q9UNL2,Ssr3,0,0,0,0,0.0,1,0.7067864248964334,0.2563180646791257,0.6824505699551452,1
Q9GZP9,Derl2,0,0,0,0,0.0,1,0.612596773355513,0.2842606442675653,0.6929845278230442,1
Q9BX95,Sgpp1,0,0,0,0,0.0,1,0.582936558558706,0.3015477343455076,0.7585086412229604,1
Q96GC9,Vmp1,0,0,0,0,0.0,1,0.5556645709282901,0.2828256212946394,0.6492251884566105,1
O95674,Cds2,0,0,0,0,0.0,1,0.4932747293046672,0.2533821315089803,0.7440420023415726,1
Q9P2X0,Dpm3,0,0,0,0,0.0,1,0.4701243542989763,0.2247498968603296,0.7620253739442907,1
O14735,Cdipt,0,0,0,0,0.0,1,0.4187558622652401,0.1581919448684373,0.7620253600975486,1
Q5J8M3,Emc4,0,0,0,0,0.0,1,0.433102038411659,0.3349578336668765,0.78209842344379,1
Q8NHH9,Atl2,0,0,0,0,0.0,1,0.3935322655889872,0.3196117996747017,0.910840989657582,1
Q12981,Bnip1,0,0,0,0,0.0,1,0.7529368044621989,0.2690422143982169,0.8112306133704946,1
P67812,Sec11a,0,0,0,0,0.0,1,0.719140200382395,0.153213586448756,0.8265233090301293,1
Q9H490,Pigu,0,0,0,0,0.0,1,0.5965748965784788,0.3521075517764578,1.0,1
Q9NXW2,Dnajb12,0,0,0,0,0.0,1,0.5656814628261922,0.0,1.0,1
P56937,Hsd17b7,0,0,0,0,0.0,1,0.5447250764802085,0.2114957408918918,0.723067297353741,1
Q9Y673,Alg5,0,0,0,0,0.0,1,0.4314181890739736,0.3427153673066342,0.7361949234116206,1
P43307,Ssr1,0,0,0,0,0.0,1,0.506867789511436,0.3510409457015048,0.7110433276415038,1
Q8N4V1,Mmgt1,0,0,0,0,0.0,1,0.5026805643027951,0.3233557969899298,0.567328637454909,1
O15121,Degs1,0,0,0,0,0.0,1,0.500021988542558,0.2588178289047731,0.559839629204745,1
Q14318,Fkbp8,0,0,0,0,0.0,1,0.4732900573711637,0.309463190677769,0.5911536442925275,1
O95292,Vapb,0,0,0,0,0.0,1,0.4189459126858425,0.2122104347895677,0.5226771210641531,1
O15260,Surf4,0,0,0,0,0.0,1,0.3856672017373429,0.4923236564948989,0.6282811132373155,1
Q16611,Bak1,0,0,0,0,0.0,1,0.3561855131012945,0.1871792388011834,0.6456697606832938,1
Q9NRK6,Abcb10,0,0,0,0,0.0,1,0.2922225359826977,0.2299750438123825,0.6250901958568804,1
Q9H9B4,Sfxn1,0,0,0,0,0.0,1,0.2897866261021648,0.1981125129076775,0.5428484858083245,1
Q8IXI1,Rhot2,0,0,0,0,0.0,1,0.2789324519903848,0.1959633805670985,0.5372333367843108,1
Q9UHQ4,Bcap29,0,0,0,0,0.0,1,0.3619244916211547,0.3329493749137354,0.6372828153045047,1
O75396,Sec22b,0,0,0,0,0.0,1,0.3559947085391176,0.5111015559218315,0.4730634020885371,1
Q9Y2H6,Fndc3a,0,0,0,0,0.0,1,0.3546011055733106,0.3006938765213413,0.6207320007385602,1
Q14573,Itpr3,0,0,0,0,0.0,1,0.3424974373155484,0.5150394852233343,0.6176220046181938,1
Q9H3N1,Tmx1,0,0,0,0,0.0,1,0.3347974691528363,0.342793494171866,0.5626067040864654,1
P39656,Ddost,0,0,0,0,0.0,1,0.3227555745777813,0.495221925015898,0.6312767436819068,1
Q5JTH9,Rrp12,0,0,0,0,0.0,1,0.3187471841982431,0.3329417757627484,0.6512229732867222,1
Q9NTJ5,Sacm1l,0,0,0,0,0.0,1,0.313044419409509,0.3614051751361914,0.5313170885835403,1
P61619,Sec61a1,0,0,0,0,0.0,1,0.2960429532670667,0.4980564653844734,0.5931965104056687,1
Q53GQ0,Hsd17b12,0,0,0,0,0.0,1,0.2953452243805023,0.3910584862608005,0.5802758526530309,1
P38435,Ggcx,0,0,0,0,0.0,1,0.286653736111902,0.5165519704155415,0.4454444817878324,1
O94966,Usp19,0,0,0,0,0.0,1,0.2759607248261088,0.4916103675332339,0.609867804755,1
Q9NRZ7,Agpat3,0,0,0,0,0.0,1,0.1928415448357904,0.3936820454433701,0.521356628156714,1
Q9Y696,Clic4,0,0,0,0,0.0,1,0.1740440276721261,0.3942130638546942,0.5453819069105977,1
Q9BUM1,G6pc3,0,0,0,0,0.0,1,0.1699259973616671,0.4578649245669641,0.5197184316566296,1
Q03518,Tap1,0,0,0,0,0.0,1,0.1378110409142575,0.4814782523778101,0.6383848720796341,1
Q9P246,Stim2,0,0,0,0,0.0,1,0.1374141220828607,0.4153858193807951,0.5820621968035449,1
O15269,Sptlc1,0,0,0,0,0.0,1,0.4237692107405331,0.4222691040401596,0.551237564305383,1
Q13563,Pkd2,0,0,0,0,0.0,1,0.4048120698101871,0.4436934931270808,0.5569454311515121,1
Q8N766,Emc1,0,0,0,0,0.0,1,0.3903945914569902,0.468423237247864,0.6348887674753785,1
Q9Y3Q3,Tmed3,0,0,0,0,0.0,1,0.3895658285201606,0.4481721220623684,0.6721152297973346,1
Q9NW15,Ano10,0,0,0,0,0.0,1,0.3783313970420222,0.3851470561366619,0.6303561811608868,1
Q6UW02,Cyp20a1,0,0,0,0,0.0,1,0.3468537712412936,0.4029614975060553,0.5963658374582397,1
O00299,Clic1,0,0,0,0,0.0,1,0.3876333785467745,0.7124545718039986,0.69993589155825,1
Q8TCT9,Hm13,0,0,0,0,0.0,1,0.2536773130612306,0.7197176734930979,0.65306381998403,1
O15533,Tapbp,0,0,0,0,0.0,1,0.3796008669041399,0.5415817804905466,0.5559246678636337,1
Q96S52,Pigs,0,0,0,0,0.0,1,0.5104177313395706,0.5893349230730678,0.4492383610106503,1
P21964,Comt,0,0,0,0,0.0,1,0.492031426698363,0.6153026923620656,0.4587838764798649,1
P04844,Rpn2,0,0,0,0,0.0,1,0.4539784467020061,0.5561469946854304,0.5023870353637943,1
P19224,Ugt1a6,0,0,0,0,0.0,1,0.4273814680965045,0.5985259255996135,0.4722780928867713,1
Q13724,Mogs,0,0,0,0,0.0,1,0.4227365071498642,0.5717053919192088,0.3743176542022516,1
Q5BJH7,Yif1b,0,0,0,0,0.0,1,0.4018360549862869,0.6466208388755088,0.5176372773248945,1
Q9Y282,Ergic3,0,0,0,0,0.0,1,0.3986377567825456,0.6635882614982213,0.3620261694566856,1
Q9P035,Hacd3,0,0,0,0,0.0,1,0.2936304874157772,0.5853406691388819,0.3873795671419939,1
O60831,Praf2,0,0,0,0,0.0,1,0.2762089803896109,0.5067052019524867,0.3774133291576496,1
O75915,Arl6ip5,0,0,0,0,0.0,1,0.2575816354793525,0.6144760511981074,0.4185367096471397,1
Q5T9L3,Wls,0,0,0,0,0.0,1,0.3875570108259908,0.669192508823605,0.3627337973907109,1
Q9NRZ5,Agpat4,0,0,0,0,0.0,1,0.3624533320361666,0.5955827027996252,0.2697326911742356,1
P28845,Hsd11b1,0,0,0,0,0.0,1,0.3272526501741317,0.6702966246020005,0.4684612629501811,1
P12235,Slc25a4,0,0,0,0,0.0,1,0.3237106957073485,0.3292107650566603,0.5424163073898848,1
O95139,Ndufb6,0,0,0,0,0.0,1,0.2972939210088968,0.5275499108889046,0.4025747513213232,1
O75746,Slc25a12,0,0,0,0,0.0,1,0.2468175668372582,0.3787549541353863,0.5157061614002317,1
Q8TB61,Slc35b2,0,0,0,0,0.0,1,0.2349471478919516,0.3754146144267667,0.547505985700968,1
Q13190,Stx5,0,0,0,0,0.0,1,0.2286773775311925,0.2636263046630236,0.5706216076833543,1
Q8N2K0,Abhd12,0,0,0,0,0.0,1,0.1804589734400727,0.4351390578705428,0.5898744909987456,1
Q15363,Tmed2,0,0,0,0,0.0,1,0.4825939830747057,0.5121756293673885,0.4414333512952611,1
Q92832,Nrp1,0,0,0,0,0.0,1,0.4240042525153355,0.5046156136823318,0.3855741576870387,1
O60427,Fads1,0,0,0,0,0.0,1,0.4098623148330246,0.2400543454268779,0.5363003170535189,1
Q96G23,Cers2,0,0,0,0,0.0,1,0.4012482797071949,0.45019277347406,0.5821763961840166,1
Q15738,Nsdhl,0,0,0,0,0.0,1,0.3853799496288599,0.330219634854365,0.5092873686743455,1
Q6Y288,B3glct,0,0,0,0,0.0,1,0.2721140158895625,0.3887564716769565,0.7687438569855266,1
Q06136,Kdsr,0,0,0,0,0.0,1,0.2534932112285837,0.4206950604055223,0.7206570367551224,1
Q6NUK1,Slc25a24,0,0,0,0,0.0,1,0.2527818279956235,0.5327314317736304,0.8433502882475583,1
Q93063,Ext2,0,0,0,0,0.0,1,0.1499357950999442,0.3459056413866605,0.9121047455799758,1
Q6P9B9,Ints5,0,0,0,0,0.0,1,0.085017473407234,0.5009918017896273,1.0,1
Q16850,Cyp51a1,0,0,0,0,0.0,1,0.1888294420324022,0.3838095596376495,0.7054787554965268,1
Q8NBI6,Xxylt1,0,0,0,0,0.0,1,0.0676066443451244,0.743561945195669,0.7953987980658713,1
Q8TCG5,Cpt1c,0,0,0,0,0.0,1,0.0,0.7885268391784975,0.6423110108533655,1
Q5T4S7,Ubr4,0,0,0,0,0.0,1,0.0,0.7701583159764224,0.6234200784662774,1
Q9Y6A9,Spcs1,0,0,0,0,0.0,1,0.6945938701150635,0.4240249716619742,0.8363706478163525,1
P42167,Tmpo,0,0,0,0,0.0,1,0.8639340673243134,0.5954877292423902,0.684320016785222,1
O75787,Atp6ap2,0,0,0,0,0.0,1,0.7678649415459194,0.5347589529779696,0.7952695000175611,1
Q9NYL4,Fkbp11,0,0,0,0,0.0,1,0.7039904592783924,0.538712058530309,0.3695021990201585,1
Q96KA5,Clptm1l,0,0,0,0,0.0,1,0.6641785680928308,0.4044279400740068,0.5788492564777727,1
Q15005,Spcs2,0,0,0,0,0.0,1,0.61434078307377,0.4282334723574134,0.6670545579470933,1
P57088,Tmem33,0,0,0,0,0.0,1,0.5893676267848835,0.4910548451489743,0.77435954102685,1
Q96A33,Ccdc47,0,0,0,0,0.0,1,0.5687109410480222,0.3586917058505621,0.6385182796015938,1
Q92643,Pigk,0,0,0,0,0.0,1,0.5534451633278333,0.4422088895007166,0.6519232430506403,1
Q9H0V9,Lman2l,0,0,0,0,0.0,1,0.6532990047103129,0.3853089006818289,0.7484211209015902,1
Q03519,Tap2,0,0,0,0,0.0,1,0.5694770134509111,0.5591246419476503,0.5976794016360408,1
O15270,Sptlc2,0,0,0,0,0.0,1,0.5065488627209218,0.3464464713336366,0.5985847156049946,1
Q9NPA0,Emc7,0,0,0,0,0.0,1,0.4830846816811352,0.5062788824016136,0.6005942183828227,1
P51648,Aldh3a2,0,0,0,0,0.0,1,0.4799169757361643,0.5380672505201762,0.6246346165067813,1
Q8TCJ2,Stt3b,0,0,0,0,0.0,1,0.4770809157580422,0.3718605281409573,0.5818734196012297,1
Q15155,Nomo1,0,0,0,0,0.0,1,0.4694511846186269,0.3885242167101704,0.6156242576255558,1
Q9HCU5,Preb,0,0,0,0,0.0,1,0.4594410762531696,0.4879354901948952,0.5531533923483856,1
Q9UBV2,Sel1l,0,0,0,0,0.0,1,0.4459516320054818,0.425896382838655,0.6346946232419641,1
O95470,Sgpl1,0,0,0,0,0.0,1,0.4304350121943971,0.4604516895405013,0.5959521466544081,1
Q9UBM7,Dhcr7,0,0,0,0,0.0,1,0.424719162188365,0.4088222154255653,0.6485798893789771,1
Q2PZI1,Dpy19l1,0,0,0,0,0.0,1,0.6364288748026375,0.6799167918735626,0.5311329458265336,1
Q9UGP8,Sec63,0,0,0,0,0.0,1,0.6013806325282003,0.5098896019654102,0.5025837637089232,1
Q12797,Asph,0,0,0,0,0.0,1,0.5980681639930215,0.3787779287878335,0.4625889488948112,1
Q9HD20,Atp13a1,0,0,0,0,0.0,1,0.5947681864541503,0.3919756810384505,0.4528020695338674,1
Q6UWP7,Lclat1,0,0,0,0,0.0,1,0.544603742646678,0.353736465512645,0.5958115957915735,1
Q14165,Mlec,0,0,0,0,0.0,1,0.5122223398494814,0.3987404731512448,0.526180979251005,1
O75844,Zmpste24,0,0,0,0,0.0,1,0.4816772964616644,0.4028195193155594,0.6259700800321932,1
P35610,Soat1,0,0,0,0,0.0,1,0.5223417088555216,0.7800501644692595,0.6777913062678377,1
Q9P0I2,Emc3,0,0,0,0,0.0,1,0.5122544400221613,0.4257234811960609,0.4897594705293096,1
Q96HA1,Pom121,0,0,0,0,0.0,1,0.990009403569598,0.9386909886978247,1.0,1
Q86Y07,Vrk2,0,0,0,0,0.0,1,0.9333018522775804,0.730168943563495,0.9074522068438592,1
Q14728,Mfsd10,0,0,0,0,0.0,1,0.8988002430764684,0.6870804112924817,0.8869313133412086,1
O43292,Gpaa1,0,0,0,0,0.0,1,0.6716569761739278,0.5952643880632975,0.944520531844664,1
